{"inputUnits":[63],"outputUnits":2,"inputs":{"0":{"dtype":"number","min":0,"max":0},"1":{"dtype":"number","min":0,"max":0},"2":{"dtype":"number","min":-0.0027156025171279907,"max":0.0015456750988960266},"3":{"dtype":"number","min":-13.067040828345284,"max":91.34619019825668},"4":{"dtype":"number","min":-78.66253015254466,"max":5.352486871959627},"5":{"dtype":"number","min":-13.43327808380127,"max":20.168819427490234},"6":{"dtype":"number","min":-12.01317080231496,"max":138.5459422218005},"7":{"dtype":"number","min":-135.9539910289614,"max":-15.857827294966143},"8":{"dtype":"number","min":-21.673294067382812,"max":25.805511474609375},"9":{"dtype":"number","min":3.2934640950078915,"max":182.7898674920087},"10":{"dtype":"number","min":-189.16099222561505,"max":-27.621038935607345},"11":{"dtype":"number","min":-30.48310089111328,"max":30.662723541259766},"12":{"dtype":"number","min":13.227260798872805,"max":222.66954062881285},"13":{"dtype":"number","min":-242.56468237456772,"max":-21.955799559562735},"14":{"dtype":"number","min":-39.9361457824707,"max":35.924476623535156},"15":{"dtype":"number","min":-18.700354493593885,"max":191.14217615384894},"16":{"dtype":"number","min":-197.4653842018875,"max":-41.01674420594139},"17":{"dtype":"number","min":-50.940059661865234,"max":21.03380584716797},"18":{"dtype":"number","min":9.474911610481456,"max":247.64504478411394},"19":{"dtype":"number","min":-267.1234993288125,"max":-1.5996630662260714},"20":{"dtype":"number","min":-64.10853576660156,"max":40.31976318359375},"21":{"dtype":"number","min":12.313742721610765,"max":252.9006379945816},"22":{"dtype":"number","min":-307.22374188892246,"max":26.93788644720223},"23":{"dtype":"number","min":-63.95928192138672,"max":41.18645477294922},"24":{"dtype":"number","min":13.180350287752674,"max":257.8586961028336},"25":{"dtype":"number","min":-340.7997986686752,"max":43.75583872886892},"26":{"dtype":"number","min":-62.84718322753906,"max":34.14252853393555},"27":{"dtype":"number","min":-35.04796461153087,"max":190.25359811578585},"28":{"dtype":"number","min":-204.76673569441397,"max":-9.684936469652257},"29":{"dtype":"number","min":-56.96886444091797,"max":17.602611541748047},"30":{"dtype":"number","min":18.478209289141745,"max":248.46604533036236},"31":{"dtype":"number","min":-283.2765584861198,"max":29.298244425103974},"32":{"dtype":"number","min":-65.8226547241211,"max":38.790653228759766},"33":{"dtype":"number","min":22.43137859133924,"max":267.3440146801089},"34":{"dtype":"number","min":-334.82702775586034,"max":56.51805010260398},"35":{"dtype":"number","min":-61.49290466308594,"max":41.54551315307617},"36":{"dtype":"number","min":20.26286949166051,"max":268.5655859163286},"37":{"dtype":"number","min":-377.7379459427509,"max":70.90766095910169},"38":{"dtype":"number","min":-63.458370208740234,"max":36.80048751831055},"39":{"dtype":"number","min":-44.226969276802905,"max":175.63229891957405},"40":{"dtype":"number","min":-194.66508061868274,"max":34.679538484323416},"41":{"dtype":"number","min":-62.16950988769531,"max":15.05691146850586},"42":{"dtype":"number","min":-24.973424143982527,"max":238.04121251276513},"43":{"dtype":"number","min":-265.9259037539687,"max":58.81924630737558},"44":{"dtype":"number","min":-67.57086181640625,"max":36.41691207885742},"45":{"dtype":"number","min":-24.029655987138767,"max":260.8256430345248},"46":{"dtype":"number","min":-305.4533886386196,"max":78.39434357821438},"47":{"dtype":"number","min":-59.31586456298828,"max":39.45095443725586},"48":{"dtype":"number","min":-19.670184243829112,"max":265.3587609126896},"49":{"dtype":"number","min":-349.0048621607767,"max":90.17300520362647},"50":{"dtype":"number","min":-60.119239807128906,"max":35.293296813964844},"51":{"dtype":"number","min":-57.80804365954947,"max":157.39648881563772},"52":{"dtype":"number","min":-170.60478622711764,"max":74.66567965836788},"53":{"dtype":"number","min":-66.41411590576172,"max":19.235998153686523},"54":{"dtype":"number","min":-76.09886139527272,"max":207.510680879726},"55":{"dtype":"number","min":-224.58078454223897,"max":93.79294187405287},"56":{"dtype":"number","min":-66.25713348388672,"max":32.27505874633789},"57":{"dtype":"number","min":-83.72224604225224,"max":229.328965507237},"58":{"dtype":"number","min":-255.19261905299663,"max":107.64312796075126},"59":{"dtype":"number","min":-57.640567779541016,"max":35.76347732543945},"60":{"dtype":"number","min":-88.82003704019579,"max":234.56922118430526},"61":{"dtype":"number","min":-288.22619396563323,"max":112.78139044544201},"62":{"dtype":"number","min":-58.77460861206055,"max":34.144073486328125}},"outputs":{"label":{"dtype":"string","min":0,"max":1,"uniqueValues":["thumbs_up","normal"],"legend":{"thumbs_up":[1,0],"normal":[0,1]}}},"isNormalized":true}